-- Fix Barding combat preview
UPDATE ModifierStrings SET Text = '+{1_AMOUNT} {LOC_PROMOTION_BARDING_NAME} {LOC_PROMOTION_DESCRIPTOR_PREVIEW_TEXT} [UP]' WHERE ModifierId = 'TOP_COVER_DEFENSE_BONUS_VS_RANGED' AND Context = 'Preview' ;


-- Fix Interceptor combat preview
UPDATE ModifierStrings SET Text = '+{1_AMOUNT} {LOC_PROMOTION_INTERCEPTOR_NAME} {LOC_PROMOTION_DESCRIPTOR_PREVIEW_TEXT} [UP]' WHERE ModifierId = 'INTERCEPTOR_BONUS_VS_BOMBERS' AND Context = 'Preview' ;


-- Fix Drone strength bonus
DELETE FROM Types WHERE Type = 'ABILITY_RECEIVE_BOMBARD_STRENGTH_BUFF' ;
DELETE FROM TypeTags WHERE Type = 'ABILITY_RECEIVE_BOMBARD_STRENGTH_BUFF' ;
DELETE FROM UnitAbilities WHERE UnitAbilityType = 'ABILITY_RECEIVE_BOMBARD_STRENGTH_BUFF' ;
DELETE FROM UnitAbilityModifiers WHERE UnitAbilityType = 'ABILITY_RECEIVE_BOMBARD_STRENGTH_BUFF' ;
DELETE FROM Modifiers WHERE ModifierId = 'BOMBARD_STR_BUFF_FROM_DRONE' ;
DELETE FROM ModifierArguments WHERE ModifierId = 'BOMBARD_STR_BUFF_FROM_DRONE' ;

INSERT INTO Requirements (RequirementId, RequirementType) VALUES ('DB_REQ_UNIT_NEXTTO_OR_SAMETILE_AS_DRONE', 'REQUIREMENT_PLOT_ADJACENT_FRIENDLY_UNIT_TYPE_MATCHES') ;
INSERT INTO RequirementArguments (RequirementId, Name, Value) VALUES ('DB_REQ_UNIT_NEXTTO_OR_SAMETILE_AS_DRONE', 'UnitType', 'UNIT_DRONE') ;
INSERT INTO RequirementArguments (RequirementId, Name, Value) VALUES ('DB_REQ_UNIT_NEXTTO_OR_SAMETILE_AS_DRONE', 'IncludeCenter', 1) ;
INSERT INTO RequirementSets (RequirementSetId, RequirementSetType) VALUES ('DB_REQSET_UNIT_NEXTTO_OR_SAMETILE_AS_DRONE', 'REQUIREMENTSET_TEST_ALL') ;
INSERT INTO RequirementSetRequirements (RequirementSetId, RequirementId) VALUES ('DB_REQSET_UNIT_NEXTTO_OR_SAMETILE_AS_DRONE', 'DB_REQ_UNIT_NEXTTO_OR_SAMETILE_AS_DRONE') ;

INSERT INTO RequirementSets (RequirementSetId, RequirementSetType) VALUES ('DB_REQSET_ATTACKING_UNIT_NEXTTO_OR_SAMETILE_AS_DRONE', 'REQUIREMENTSET_TEST_ALL') ;
INSERT INTO RequirementSetRequirements (RequirementSetId, RequirementId) VALUES ('DB_REQSET_ATTACKING_UNIT_NEXTTO_OR_SAMETILE_AS_DRONE', 'DB_REQ_UNIT_NEXTTO_OR_SAMETILE_AS_DRONE') ;
INSERT INTO RequirementSetRequirements (RequirementSetId, RequirementId) VALUES ('DB_REQSET_ATTACKING_UNIT_NEXTTO_OR_SAMETILE_AS_DRONE', 'PLAYER_IS_ATTACKER_REQUIREMENTS') ;

INSERT INTO Types (Type, Kind) VALUES ('DB_ABILITY_STR_FROM_DRONE', 'KIND_ABILITY') ;
INSERT INTO TypeTags (Type, Tag) VALUES ('DB_ABILITY_STR_FROM_DRONE', 'CLASS_TARGETTING_ASSIST') ;
INSERT INTO UnitAbilities (UnitAbilityType, Name, Description) VALUES ('DB_ABILITY_STR_FROM_DRONE', 'LOC_DB_ABILITY_STR_FROM_DRONE_NAME', 'LOC_DB_ABILITY_STR_FROM_DRONE_DESCRIPTION') ;
INSERT INTO UnitAbilityModifiers (UnitAbilityType, ModifierId) VALUES ('DB_ABILITY_STR_FROM_DRONE', 'DB_STR_FROM_DRONE') ;
INSERT INTO Modifiers (ModifierId, ModifierType, SubjectRequirementSetId) VALUES ('DB_STR_FROM_DRONE', 'MODIFIER_UNIT_ADJUST_COMBAT_STRENGTH', 'DB_REQSET_ATTACKING_UNIT_NEXTTO_OR_SAMETILE_AS_DRONE') ;
INSERT INTO ModifierArguments (ModifierId, Name, Value) VALUES ('DB_STR_FROM_DRONE', 'Amount', 5) ;
INSERT INTO ModifierStrings (ModifierId, Context, Text) VALUES ('DB_STR_FROM_DRONE', 'Preview', 'LOC_DB_ABILITY_STR_FROM_DRONE_COMBAT_DESCRIPTION') ;

-- Fix Meenakshi temple
DELETE FROM BuildingModifiers WHERE ModifierId = 'MEENAKSHITEMPLE_RELIGIOUS_UNITS_COMBAT' OR ModifierId = 'MEENAKSHITEMPLE_RELIGIOUS_UNITS_MOVEMENT' ;
DELETE FROM Modifiers WHERE ModifierId = 'MEENAKSHITEMPLE_RELIGIOUS_UNITS_COMBAT' OR ModifierId = 'MEENAKSHITEMPLE_RELIGIOUS_UNITS_MOVEMENT' ;
DELETE FROM ModifierArguments WHERE ModifierId = 'MEENAKSHITEMPLE_RELIGIOUS_UNITS_COMBAT' OR ModifierId = 'MEENAKSHITEMPLE_RELIGIOUS_UNITS_MOVEMENT' ;
DELETE FROM Types WHERE Type = 'ABILITY_SAGE_COMBAT_AOE_RELIGIOUS' OR Type = 'ABILITY_GUIDE_MOVEMENT_AOE_RELIGIOUS' ;
DELETE FROM TypeTags WHERE Type = 'ABILITY_SAGE_COMBAT_AOE_RELIGIOUS' OR Type = 'ABILITY_GUIDE_MOVEMENT_AOE_RELIGIOUS' ;
DELETE FROM UnitAbilities WHERE UnitAbilityType = 'ABILITY_SAGE_COMBAT_AOE_RELIGIOUS' OR UnitAbilityType = 'ABILITY_GUIDE_MOVEMENT_AOE_RELIGIOUS' ;
DELETE FROM UnitAbilityModifiers WHERE UnitAbilityType = 'ABILITY_SAGE_COMBAT_AOE_RELIGIOUS' OR UnitAbilityType = 'ABILITY_GUIDE_MOVEMENT_AOE_RELIGIOUS' ; -- SAGE_COMBAT_AOE_RELIGIOUS_XP2, GUIDE_MOVEMENT_AOE_RELIGIOUS_XP2
DELETE FROM Modifiers WHERE ModifierId = 'SAGE_COMBAT_AOE_RELIGIOUS_XP2' OR ModifierId = 'GUIDE_MOVEMENT_AOE_RELIGIOUS_XP2' ; -- MODIFIER_PLAYER_UNITS_GRANT_ABILITY
DELETE FROM ModifierArguments WHERE ModifierId = 'SAGE_COMBAT_AOE_RELIGIOUS_XP2' OR ModifierId = 'GUIDE_MOVEMENT_AOE_RELIGIOUS_XP2' ; -- ABILITY_GURU_STRENGTH, ABILITY_GURU_MOVEMENT

DELETE FROM Types WHERE Type = 'ABILITY_GURU_STRENGTH' OR Type = 'ABILITY_GURU_MOVEMENT' ;
DELETE FROM TypeTags WHERE Type = 'ABILITY_GURU_STRENGTH' OR Type = 'ABILITY_GURU_MOVEMENT' ; -- CLASS_RELIGIOUS_ALL
DELETE FROM UnitAbilities WHERE UnitAbilityType = 'ABILITY_GURU_STRENGTH' OR UnitAbilityType = 'ABILITY_GURU_MOVEMENT' ;
DELETE FROM UnitAbilityModifiers WHERE UnitAbilityType = 'ABILITY_GURU_STRENGTH' OR UnitAbilityType = 'ABILITY_GURU_MOVEMENT' ; -- GURU_STRENGTH_XP2, GURU_MOVEMENT_XP2
DELETE FROM Modifiers WHERE ModifierId = 'GURU_STRENGTH_XP2' OR ModifierId = 'GURU_MOVEMENT_XP2' ; -- AOE_GURU_REQUIREMENTS_XP2
DELETE FROM ModifierArguments WHERE ModifierId = 'GURU_STRENGTH_XP2' OR ModifierId = 'GURU_MOVEMENT_XP2' ;

INSERT OR IGNORE INTO Requirements (RequirementId, RequirementType) VALUES ('DB_REQ_UNIT_IS_GURU', 'REQUIREMENT_UNIT_TYPE_MATCHES') ;
INSERT OR IGNORE INTO RequirementArguments (RequirementId, Name, Value) VALUES ('DB_REQ_UNIT_IS_GURU', 'UnitType', 'UNIT_GURU') ;
INSERT OR IGNORE INTO RequirementSets (RequirementSetId, RequirementSetType) VALUES ('DB_REQSET_UNIT_IS_GURU', 'REQUIREMENTSET_TEST_ALL') ;
INSERT OR IGNORE INTO RequirementSetRequirements (RequirementSetId, RequirementId) VALUES ('DB_REQSET_UNIT_IS_GURU', 'DB_REQ_UNIT_IS_GURU') ;

INSERT OR IGNORE INTO RequirementSets (RequirementSetId, RequirementSetType) VALUES ('DB_REQSET_UNIT_IS_RELIGIOUS_ALL', 'REQUIREMENTSET_TEST_ALL') ;
INSERT OR IGNORE INTO RequirementSetRequirements (RequirementSetId, RequirementId) VALUES ('DB_REQSET_UNIT_IS_RELIGIOUS_ALL', 'REQUIRES_UNIT_IS_RELIGIOUS_ALL') ;

INSERT OR IGNORE INTO Requirements (RequirementId, RequirementType) VALUES ('DB_REQ_NEXTTO_GURU', 'REQUIREMENT_PLOT_ADJACENT_FRIENDLY_UNIT_TYPE_MATCHES') ;
INSERT OR IGNORE INTO RequirementArguments (RequirementId, Name, Value) VALUES ('DB_REQ_NEXTTO_GURU', 'UnitType', 'UNIT_GURU') ;
INSERT OR IGNORE INTO RequirementSets (RequirementSetId, RequirementSetType) VALUES ('DB_REQSET_NEXTTO_GURU', 'REQUIREMENTSET_TEST_ALL') ;
INSERT OR IGNORE INTO RequirementSetRequirements (RequirementSetId, RequirementId) VALUES ('DB_REQSET_NEXTTO_GURU', 'DB_REQ_NEXTTO_GURU') ;


-- Meenakshi combat
INSERT INTO BuildingModifiers (BuildingType, ModifierId) VALUES 
                              ('BUILDING_MEENAKSHI_TEMPLE', 'DB_MEENAKSHITEMPLE_GURU_ENHANCES_COMBAT') ;
INSERT INTO Modifiers (ModifierId, ModifierType, Permanent, SubjectRequirementSetId) VALUES 
                      ('DB_MEENAKSHITEMPLE_GURU_ENHANCES_COMBAT', 'MODIFIER_PLAYER_UNITS_GRANT_ABILITY', 0, 'DB_REQSET_UNIT_IS_RELIGIOUS_ALL') ;
INSERT INTO ModifierArguments (ModifierId, Name, Value) VALUES 
                      ('DB_MEENAKSHITEMPLE_GURU_ENHANCES_COMBAT', 'AbilityType', 'DB_ABILITY_ENHANCE_COMBAT_WHEN_ADJ_GURU') ;

INSERT INTO Types (Type, Kind) VALUES ('DB_ABILITY_ENHANCE_COMBAT_WHEN_ADJ_GURU', 'KIND_ABILITY') ;
INSERT INTO TypeTags (Type, Tag) VALUES ('DB_ABILITY_ENHANCE_COMBAT_WHEN_ADJ_GURU', 'CLASS_RELIGIOUS_ALL') ;
INSERT INTO UnitAbilities (UnitAbilityType, Inactive, Name, Description) VALUES ('DB_ABILITY_ENHANCE_COMBAT_WHEN_ADJ_GURU', 1, 'LOC_DB_ABILITY_ENHANCE_COMBAT_WHEN_ADJ_GURU_NAME', 'LOC_DB_ABILITY_ENHANCE_COMBAT_WHEN_ADJ_GURU_DESCRIPTION') ;
INSERT INTO UnitAbilityModifiers (UnitAbilityType, ModifierId) VALUES ('DB_ABILITY_ENHANCE_COMBAT_WHEN_ADJ_GURU', 'DB_ENHANCE_COMBAT_WHEN_ADJ_GURU') ;

INSERT INTO Modifiers (ModifierId, ModifierType, SubjectRequirementSetId) VALUES ('DB_ENHANCE_COMBAT_WHEN_ADJ_GURU', 'MODIFIER_UNIT_ADJUST_COMBAT_STRENGTH', 'DB_REQSET_NEXTTO_GURU') ;
INSERT INTO ModifierArguments (ModifierId, Name, Value) VALUES ('DB_ENHANCE_COMBAT_WHEN_ADJ_GURU', 'Amount', 5) ;
INSERT INTO ModifierStrings (ModifierId, Context, Text) VALUES ('DB_ENHANCE_COMBAT_WHEN_ADJ_GURU', 'Preview', 'LOC_DB_ABILITY_ENHANCE_COMBAT_WHEN_ADJ_GURU_COMBAT_DESCRIPTION') ;


-- Meenakshi Movement
INSERT INTO BuildingModifiers (BuildingType, ModifierId) VALUES 
                              ('BUILDING_MEENAKSHI_TEMPLE', 'DB_MEENAKSHITEMPLE_GURU_ENHANCES_MOVEMENT') ;
INSERT INTO Modifiers (ModifierId, ModifierType, Permanent, SubjectRequirementSetId) VALUES 
                      ('DB_MEENAKSHITEMPLE_GURU_ENHANCES_MOVEMENT', 'MODIFIER_PLAYER_UNITS_GRANT_ABILITY', 0, 'DB_REQSET_UNIT_IS_RELIGIOUS_ALL') ;
INSERT INTO ModifierArguments (ModifierId, Name, Value) VALUES 
                      ('DB_MEENAKSHITEMPLE_GURU_ENHANCES_MOVEMENT', 'AbilityType', 'DB_ABILITY_ENHANCE_MOVEMENT_WHEN_ADJ_GURU') ;

INSERT INTO Types (Type, Kind) VALUES ('DB_ABILITY_ENHANCE_MOVEMENT_WHEN_ADJ_GURU', 'KIND_ABILITY') ;
INSERT INTO TypeTags (Type, Tag) VALUES ('DB_ABILITY_ENHANCE_MOVEMENT_WHEN_ADJ_GURU', 'CLASS_RELIGIOUS_ALL') ;
INSERT INTO UnitAbilities (UnitAbilityType, Inactive, Name, Description) VALUES ('DB_ABILITY_ENHANCE_MOVEMENT_WHEN_ADJ_GURU', 1, 'LOC_DB_ABILITY_ENHANCE_MOVEMENT_WHEN_ADJ_GURU_NAME', 'LOC_DB_ABILITY_ENHANCE_MOVEMENT_WHEN_ADJ_GURU_DESCRIPTION') ;
INSERT INTO UnitAbilityModifiers (UnitAbilityType, ModifierId) VALUES ('DB_ABILITY_ENHANCE_MOVEMENT_WHEN_ADJ_GURU', 'DB_ENHANCE_MOVEMENT_WHEN_ADJ_GURU') ;

INSERT INTO Modifiers (ModifierId, ModifierType, SubjectRequirementSetId) VALUES ('DB_ENHANCE_MOVEMENT_WHEN_ADJ_GURU', 'MODIFIER_PLAYER_UNIT_ADJUST_MOVEMENT', 'DB_REQSET_NEXTTO_GURU') ;
INSERT INTO ModifierArguments (ModifierId, Name, Value) VALUES ('DB_ENHANCE_MOVEMENT_WHEN_ADJ_GURU', 'Amount', 1) ;


